FID,Shape_Leng,Shape_Area,Tehsil,District,Province,Country,date,Lattitude,Longitude
0,2.187495417,0.171563916,Abbottabad,Abbottabad,Khyber Pakhtunkhwa,Pakistan,2018-11-30,34.10833258,73.26998213
1,1.933053088,0.137267754,Ahmadupr East,Bahawalpur,Punjab,Pakistan,2018-11-30,29.27385734,71.15180772
2,1.594747695,0.081115713,Ahmedpur Sial,Jhang,Punjab,Pakistan,2018-11-30,30.82108466,71.89329742
3,1.581975317,0.080696289,Alai,Batagram,Khyber Pakhtunkhwa,Pakistan,2018-11-30,34.86109552,73.1789922
4,2.126371112,0.113353491,Alipur,Muzaffargarh,Punjab,Pakistan,2018-11-30,29.31988261,70.77593575
5,1.189226508,0.056426364,Alpuri,Shangla,Khyber Pakhtunkhwa,Pakistan,2018-11-30,34.96612361,72.69024578
6,0.818265982,0.022874966,Ambar Utman Khel,Mohmand,Khyber Pakhtunkhwa,Pakistan,2018-11-30,34.59730287,71.47219511
7,2.391146627,0.127225312,Arif Wala,Pakpattan,Punjab,Pakistan,2018-11-30,30.24209572,73.07496157
8,2.010780145,0.085223129,Attock,Attock,Punjab,Pakistan,2018-11-30,33.7363805,72.32613523
9,5.675939938,0.880005482,Awaran,Awaran,Balochistan,Pakistan,2018-11-30,25.97094601,64.85239722
10,1.255030034,0.067671838,Baba Kot,Nasirabad,Balochistan,Pakistan,2018-11-30,28.42087545,67.85280305
11,0.948441089,0.031577679,Babuzai,Swat,Khyber Pakhtunkhwa,Pakistan,2018-11-30,34.73968321,72.4169989
12,2.637977527,0.18373477,Badin,Badin,Sindh,Pakistan,2018-11-30,24.53242425,68.89232395
13,2.173080165,0.162419721,Badinai,Killa Saifullah,Balochistan,Pakistan,2018-11-30,31.35145433,67.97494782
14,2.128156662,0.168097313,Bahawalnagar,Bahawalnagar,Punjab,Pakistan,2018-11-30,29.84461713,73.17625731
15,2.253952507,0.132465652,Bahawalpur,Bahawalpur,Punjab,Pakistan,2018-11-30,29.34217819,71.62963382
16,1.547430037,0.106986553,Bahrain,Swat,Khyber Pakhtunkhwa,Pakistan,2018-11-30,35.25833966,72.54631026
17,0.964181755,0.030259062,Bakrani,Larkana,Sindh,Pakistan,2018-11-30,27.39496203,68.18132399
18,3.176000963,0.240152215,Balakot,Mansehra,Khyber Pakhtunkhwa,Pakistan,2018-11-30,34.81801811,73.68308636
19,1.848105809,0.111889086,Balnigor,Kech,Balochistan,Pakistan,2018-11-30,25.83320599,62.34270967
20,1.744645158,0.106240713,Banda Daud Shah,Karak,Khyber Pakhtunkhwa,Pakistan,2018-11-30,33.26307939,71.06768499
21,1.754511139,0.06912421,Bannu,Bannu,Khyber Pakhtunkhwa,Pakistan,2018-11-30,32.90075039,70.56514781
22,0.162939755,0.001639101,Bar Chamarkand,Bajaur,Khyber Pakhtunkhwa,Pakistan,2018-11-30,34.72863005,71.20242654
23,2.872049328,0.157030362,Bara,Khyber,Khyber Pakhtunkhwa,Pakistan,2018-11-30,33.86832365,70.9748952
24,0.843519198,0.026209303,Barang,Bajaur,Khyber Pakhtunkhwa,Pakistan,2018-11-30,34.62163161,71.61965426
25,0.919517052,0.039190233,Barawal,Upper Dir,Khyber Pakhtunkhwa,Pakistan,2018-11-30,35.11299549,71.70113215
26,0.866299575,0.034755035,Barikot,Swat,Khyber Pakhtunkhwa,Pakistan,2018-11-30,34.67012698,72.21310457
27,3.330047299,0.326492322,Barkhan,Barkhan,Balochistan,Pakistan,2018-11-30,29.95411661,69.61768676
28,2.039733556,0.200754912,Barshore,Pishin,Balochistan,Pakistan,2018-11-30,31.00282846,67.40815574
29,1.053708686,0.052825049,Batagram,Batagram,Khyber Pakhtunkhwa,Pakistan,2018-11-30,34.68496426,73.03664191
30,1.690433363,0.161497149,Bela,Las Bela,Balochistan,Pakistan,2018-11-30,26.26347496,66.40108907
31,4.995374298,0.919841289,Besima,Washuk,Balochistan,Pakistan,2018-11-30,27.59377207,65.3194793
32,0.597843785,0.017581867,Bettani,FR Lakki Marwat,Khyber Pakhtunkhwa,Pakistan,2018-11-30,32.63821919,70.38014745
33,1.880691883,0.123178616,Bhag,Lehri,Balochistan,Pakistan,2018-11-30,28.88452205,67.82729936
34,2.26306581,0.173981938,Bhakkar,Bhakkar,Punjab,Pakistan,2018-11-30,31.54879828,71.12415513
35,1.865426323,0.122471562,Bhalwal,Sargodha,Punjab,Pakistan,2018-11-30,32.34452551,72.9370866
36,1.402040392,0.058546549,Bhiria,Naushahro Feroze,Sindh,Pakistan,2018-11-30,26.93829953,68.24287064
37,1.330631956,0.084403201,Birmal,South Waziristan,Khyber Pakhtunkhwa,Pakistan,2018-11-30,32.40820967,69.39636363
38,0.784392973,0.018137909,Bisham,Shangla,Khyber Pakhtunkhwa,Pakistan,2018-11-30,34.87846118,72.88279526
39,3.077955961,0.3360806,Buleda,Kech,Balochistan,Pakistan,2018-11-30,26.39404843,63.04217004
40,1.528882149,0.080941862,Bulri Shah Karim,Tando Muhammad Khan,Sindh,Pakistan,2018-11-30,24.98495566,68.38921098
41,2.316126468,0.1399022,Burewala,Vehari,Punjab,Pakistan,2018-11-30,30.13825177,72.75886784
42,2.081858706,0.14318388,Central Kurram,Kurram,Khyber Pakhtunkhwa,Pakistan,2018-11-30,33.68877264,70.49255408
43,1.343474068,0.034697939,Central Orakzai,Orakzai,Khyber Pakhtunkhwa,Pakistan,2018-11-30,33.6922784,70.97579279
44,4.761650325,0.58774977,Chachro,Tharparkar,Sindh,Pakistan,2018-11-30,25.19889398,70.31669791
45,5.624618319,1.339982763,Chagai,Chagai,Balochistan,Pakistan,2018-11-30,28.78605509,62.88630211
46,0.76038794,0.026765978,Chagharzai,Buner,Khyber Pakhtunkhwa,Pakistan,2018-11-30,34.55727064,72.66339932
47,1.035018552,0.049757937,Chak Jhumra,Faisalabad,Punjab,Pakistan,2018-11-30,31.64277803,73.24001706
48,2.424259918,0.211607937,Chakwal,Chakwal,Punjab,Pakistan,2018-11-30,32.99939045,72.84765275
49,3.151367782,0.281641063,Chaman,Killa Abdullah,Balochistan,Pakistan,2018-11-30,30.97508718,66.76121996
50,0.852489768,0.029452369,Chamla,Buner,Khyber Pakhtunkhwa,Pakistan,2018-11-30,34.3857723,72.62312843
51,0.556144714,0.013306473,Charbagh,Swat,Khyber Pakhtunkhwa,Pakistan,2018-11-30,34.8459277,72.51042954
52,1.331964433,0.063081552,Charsadda,Charsadda,Khyber Pakhtunkhwa,Pakistan,2018-11-30,34.19273903,71.72243963
53,1.24668996,0.079482661,Chattar,Nasirabad,Balochistan,Pakistan,2018-11-30,28.80117675,68.32349471
54,2.260889029,0.277305059,Chaubara,Layyah,Punjab,Pakistan,2018-11-30,30.92703767,71.53217627
55,2.603230649,0.148752137,Chichawatni,Sahiwal,Punjab,Pakistan,2018-11-30,30.43567881,72.65911845
56,0.842834849,0.02370254,Chiksar,Shangla,Khyber Pakhtunkhwa,Pakistan,2018-11-30,34.80523816,72.78591295
57,2.652801484,0.248208976,Chiniot,Chiniot,Punjab,Pakistan,2018-11-30,31.66286137,72.82600059
58,2.443506999,0.169562582,Chishtian,Bahawalnagar,Punjab,Pakistan,2018-11-30,29.68903263,72.80789513
59,4.066414033,0.590151565,Chitral,Chitral,Khyber Pakhtunkhwa,Pakistan,2018-11-30,35.88271595,71.73569043
60,1.17835079,0.044523499,Choa Saidan Shah,Chakwal,Punjab,Pakistan,2018-11-30,32.74514901,73.03773019
61,1.795768395,0.110857515,Chunian,Kasur,Punjab,Pakistan,2018-11-30,30.9025172,74.06437919
62,1.551758676,0.07427618,Dadu,Dadu,Sindh,Pakistan,2018-11-30,26.79764897,67.78121529
63,1.102917552,0.028270648,Daggar,Buner,Khyber Pakhtunkhwa,Pakistan,2018-11-30,34.5434484,72.45077168
64,2.576306333,0.230649279,Daharki,Ghotki,Sindh,Pakistan,2018-11-30,27.81413194,69.82603488
65,6.108181407,1.869017707,Dalbandin,Chagai,Balochistan,Pakistan,2018-11-30,29.04146338,64.27058139
66,2.017570977,0.162376672,Daraban,Dera Ismail Khan,Khyber Pakhtunkhwa,Pakistan,2018-11-30,31.62764516,70.43563639
67,1.611747071,0.045479198,Darra Adam Khel,FR Kohat,Khyber Pakhtunkhwa,Pakistan,2018-11-30,33.65443325,71.59787842
68,2.046059671,0.13188368,Darya Khan,Bhakkar,Punjab,Pakistan,2018-11-30,31.82120369,71.32742673
69,2.426496235,0.22368018,Dasht (Kech),Kech,Balochistan,Pakistan,2018-11-30,25.68688271,62.57265595
70,3.244681626,0.254859727,Dasht (Mastung),Mastung,Balochistan,Pakistan,2018-11-30,29.82036433,67.08434462
71,1.332779773,0.052552889,Daska,Sialkot,Punjab,Pakistan,2018-11-30,32.26460484,74.39653798
72,4.432339953,0.555985517,Dassu,Kohistan,Khyber Pakhtunkhwa,Pakistan,2018-11-30,35.40663861,73.28929223
73,2.213198899,0.181991222,Data Khel,North Waziristan,Khyber Pakhtunkhwa,Pakistan,2018-11-30,32.87045078,69.66493216
74,2.373293249,0.194349484,Daur,Shaheed Benazirabad,Sindh,Pakistan,2018-11-30,26.44383916,68.51681683
75,4.677661149,0.445154676,De- Excluded Area Rajanpur,Rajanpur,Punjab,Pakistan,2018-11-30,29.22006788,69.76737914
76,3.96033134,0.507259268,De-excluded Area D.G.Khan,Dera Ghazi Khan,Punjab,Pakistan,2018-11-30,30.40223113,70.25810844
77,2.734279259,0.240311261,Depalpur,Okara,Punjab,Pakistan,2018-11-30,30.59629358,73.81095247
78,2.803746309,0.227946209,Dera Bugti,Dera Bugti,Balochistan,Pakistan,2018-11-30,29.01401019,68.85264738
79,3.020002637,0.338754401,Dera Ghazi Khan,Dera Ghazi Khan,Punjab,Pakistan,2018-11-30,30.0344799,70.59378013
80,3.952076756,0.322353362,Dera Ismail Khan,Dera Ismail Khan,Khyber Pakhtunkhwa,Pakistan,2018-11-30,31.83024475,70.78793491
81,1.536818717,0.106211375,Dera Murad Jamali,Nasirabad,Balochistan,Pakistan,2018-11-30,28.5952215,68.15687811
82,1.369781214,0.05358141,Digri,Mirpur Khas,Sindh,Pakistan,2018-11-30,25.14675734,69.10238318
83,2.138425928,0.069640104,Dina,Jhelum,Punjab,Pakistan,2018-11-30,33.00277074,73.54420422
84,2.828306756,0.352226438,Diplo,Tharparkar,Sindh,Pakistan,2018-11-30,24.46464638,69.49608549
85,2.54234769,0.191500468,Dir,Upper Dir,Khyber Pakhtunkhwa,Pakistan,2018-11-30,35.3220867,72.02191302
86,0.92422684,0.038207358,Dokri,Larkana,Sindh,Pakistan,2018-11-30,27.26236749,68.06436278
87,1.395473496,0.044867928,Domel,Bannu,Khyber Pakhtunkhwa,Pakistan,2018-11-30,32.94852328,70.79727255
88,0.792718784,0.024672113,Dossali,North Waziristan,Khyber Pakhtunkhwa,Pakistan,2018-11-30,32.84003118,70.02436864
89,2.397906256,0.157997361,Drazanda,FR Dera Ismail Khan,Khyber Pakhtunkhwa,Pakistan,2018-11-30,31.57662632,70.15160552
90,3.817890832,0.406811697,Duki,Loralai,Balochistan,Pakistan,2018-11-30,30.15958863,69.00725729
91,1.796207433,0.075222974,Dunyapur,Lodhran,Punjab,Pakistan,2018-11-30,29.82813861,71.71792003
92,3.305122927,0.30359037,Dureji,Las Bela,Balochistan,Pakistan,2018-11-30,25.9368505,67.18699423
93,2.493926991,0.122474906,Faisalabad City,Faisalabad,Punjab,Pakistan,2018-11-30,31.35646528,73.01503556
94,0.711983255,0.019007108,Faisalabad Saddar,Faisalabad,Punjab,Pakistan,2018-11-30,31.43080825,73.0976512
95,1.231569778,0.090250272,Faiz Ganj,Khairpur,Sindh,Pakistan,2018-11-30,26.78165033,68.4610112
96,1.878687877,0.126908163,Fateh Jang,Attock,Punjab,Pakistan,2018-11-30,33.51965643,72.63225847
97,1.38084669,0.054128415,Ferozewala,Sheikhupura,Punjab,Pakistan,2018-11-30,31.69890122,74.25736494
98,2.753328558,0.220212227,Fort Abbas,Bahawalnagar,Punjab,Pakistan,2018-11-30,29.11140397,72.6770371
99,1.053715084,0.050618888,Gaddani,Las Bela,Balochistan,Pakistan,2018-11-30,25.08393259,66.80621654
100,0.725872088,0.01956775,Gagra,Buner,Khyber Pakhtunkhwa,Pakistan,2018-11-30,34.46934674,72.52973116
101,1.036495926,0.052062481,Gambat,Khairpur,Sindh,Pakistan,2018-11-30,27.46441217,68.41814722
102,1.077825525,0.052484195,Gandakha,Jaffarabad,Balochistan,Pakistan,2018-11-30,28.07851011,67.76117054
103,2.701228765,0.187704352,Gandawa,Jhal Magsi,Balochistan,Pakistan,2018-11-30,28.56576004,67.54326398
104,1.326801441,0.068312063,Garhi Khairo,Jacobabad,Sindh,Pakistan,2018-11-30,28.04970127,68.1488943
105,1.404070878,0.086400716,Garhi Yasin,Shikarpur,Sindh,Pakistan,2018-11-30,27.85932789,68.45411296
106,1.228438256,0.032200462,Garyum,North Waziristan,Khyber Pakhtunkhwa,Pakistan,2018-11-30,32.75783175,70.12071548
107,1.62678902,0.058113153,Ghazi,Haripur,Khyber Pakhtunkhwa,Pakistan,2018-11-30,34.09856084,72.74383012
108,3.29806766,0.10286625,Ghorabari,Thatta,Sindh,Pakistan,2018-11-30,24.37116485,67.696208
109,1.279796691,0.077614887,Ghotki,Ghotki,Sindh,Pakistan,2018-11-30,28.0235653,69.35348093
110,0.729780348,0.019697294,Ghulam Khan,North Waziristan,Khyber Pakhtunkhwa,Pakistan,2018-11-30,33.1158987,70.02675073
111,5.624364865,0.779316121,Gichk,Panjgur,Balochistan,Pakistan,2018-11-30,26.7455867,64.43339538
112,1.763502323,0.065248624,Gojra,Toba Tek Singh,Punjab,Pakistan,2018-11-30,31.14492253,72.68488076
113,2.306233546,0.142764986,Gujar Khan,Rawalpindi,Punjab,Pakistan,2018-11-30,33.24648665,73.24431043
114,1.591394259,0.082370535,Gujranwala,Gujranwala,Punjab,Pakistan,2018-11-30,32.1472555,74.18602788
115,2.037451981,0.137796937,Gujrat,Gujrat,Punjab,Pakistan,2018-11-30,32.6348939,74.14159887
116,3.965214428,0.386178918,Gwadar,Gwadar,Balochistan,Pakistan,2018-11-30,25.40157199,62.10005612
117,1.428008834,0.104925759,Hafizabad,Hafizabad,Punjab,Pakistan,2018-11-30,32.10554599,73.64053261
118,1.569192537,0.067046565,Hala,Matiari,Sindh,Pakistan,2018-11-30,25.89908232,68.38634962
119,0.780127123,0.020722589,Halimzai,Mohmand,Khyber Pakhtunkhwa,Pakistan,2018-11-30,34.39279338,71.34177879
120,1.288953203,0.064299851,Hangu,Hangu,Khyber Pakhtunkhwa,Pakistan,2018-11-30,33.47927736,70.99805055
121,2.168419248,0.129441155,Haripur,Haripur,Khyber Pakhtunkhwa,Pakistan,2018-11-30,33.96301008,72.96298613
122,3.727610267,0.285723673,Harnai,Harnai,Balochistan,Pakistan,2018-11-30,30.12901354,67.86501031
123,1.619165801,0.10503482,Haroonabad,Bahawalnagar,Punjab,Pakistan,2018-11-30,29.44758253,73.00843827
124,2.127833362,0.106592129,Hasilpur,Bahawalpur,Punjab,Pakistan,2018-11-30,29.62926154,72.52212733
125,1.279409389,0.037051113,Hassan Abdal,Attock,Punjab,Pakistan,2018-11-30,33.81221956,72.67605958
126,0.982925284,0.02524559,Hassan Khel,FR Peshawar,Khyber Pakhtunkhwa,Pakistan,2018-11-30,33.73471654,71.72159236
127,1.158331783,0.043753389,Hazro,Attock,Punjab,Pakistan,2018-11-30,33.90967324,72.45690991
128,0.974196579,0.03586672,Hub,Las Bela,Balochistan,Pakistan,2018-11-30,25.21711198,67.00200685
129,1.47475606,0.066718183,Hyderabad,Hyderabad,Sindh,Pakistan,2018-11-30,25.36070916,68.48483265
130,0.191365255,0.001861679,Hyderabad City,Hyderabad,Sindh,Pakistan,2018-11-30,25.40748536,68.32859189
131,2.923959696,0.181408754,Isakhel,Mianwali,Punjab,Pakistan,2018-11-30,32.87680271,71.37220433
132,1.659221561,0.087284896,Islamabad,Islamabad,Federal Capital Territory,Pakistan,2018-11-30,33.6711856,73.12346605
133,0.905753962,0.023126547,Ismailzai,Orakzai,Khyber Pakhtunkhwa,Pakistan,2018-11-30,33.60233182,70.92615243
134,1.247482396,0.063087955,Jacobabad,Jacobabad,Sindh,Pakistan,2018-11-30,28.24026934,68.37704898
135,1.456703659,0.046698412,Jahanian,Khanewal,Punjab,Pakistan,2018-11-30,30.05986327,71.78924659
136,1.583582801,0.081101473,Jalalpur Pirwala,Multan,Punjab,Pakistan,2018-11-30,29.5681584,71.20756145
137,2.289146468,0.206020401,Jampur,Rajanpur,Punjab,Pakistan,2018-11-30,29.55646007,70.3622078
138,1.098759468,0.035383632,Jamrud,Khyber,Khyber Pakhtunkhwa,Pakistan,2018-11-30,34.0468353,71.31344105
139,1.225463891,0.042749667,Jan Nawaz Ali,Sanghar,Sindh,Pakistan,2018-11-30,25.79904512,68.87073635
140,3.310950499,0.22019066,Jand,Attock,Punjab,Pakistan,2018-11-30,33.39675131,72.03327735
141,1.804022635,0.109871227,Jandola,FR Tank,Khyber Pakhtunkhwa,Pakistan,2018-11-30,32.45400728,70.27787523
142,2.291360406,0.163687261,Jaranwala,Faisalabad,Punjab,Pakistan,2018-11-30,31.34151011,73.40298611
143,2.981919661,0.315132903,Jati,Sujawal,Sindh,Pakistan,2018-11-30,24.25744186,68.40206064
144,1.734464513,0.097892622,Jatoi,Muzaffargarh,Punjab,Pakistan,2018-11-30,29.62177422,70.87629989
145,5.974134218,1.04966925,Jhal Jao,Awaran,Balochistan,Pakistan,2018-11-30,26.14229242,65.76813486
146,1.87772396,0.165983117,Jhal Magsi,Jhal Magsi,Balochistan,Pakistan,2018-11-30,28.22434034,67.50529041
147,4.166440833,0.40314962,Jhang,Jhang,Punjab,Pakistan,2018-11-30,31.33024093,72.23618819
148,1.585836317,0.075703945,Jhat Pat,Jaffarabad,Balochistan,Pakistan,2018-11-30,28.36820347,68.23863775
149,2.195610885,0.058171462,Jhelum,Jhelum,Punjab,Pakistan,2018-11-30,32.84155021,73.54895454
150,1.131331971,0.049286368,Jhuddo,Mirpur Khas,Sindh,Pakistan,2018-11-30,24.97140011,69.35267165
151,1.246614664,0.034463481,Jiwani,Gwadar,Balochistan,Pakistan,2018-11-30,25.1480319,61.81999496
152,2.846733818,0.324184647,Johi,Dadu,Sindh,Pakistan,2018-11-30,26.61094388,67.4146844
153,1.084085891,0.040427124,Kabal,Swat,Khyber Pakhtunkhwa,Pakistan,2018-11-30,34.8618077,72.26853673
154,2.09029165,0.154754414,Kabirwala,Khanewal,Punjab,Pakistan,2018-11-30,30.51131098,71.89423333
155,3.69595459,0.350295422,Kahan,Kohlu,Balochistan,Pakistan,2018-11-30,29.41887595,68.8536718
156,1.696256576,0.066497536,Kahror Pacca,Lodhran,Punjab,Pakistan,2018-11-30,29.64261241,71.89153802
157,1.301859375,0.060294864,Kahuta,Rawalpindi,Punjab,Pakistan,2018-11-30,33.60689041,73.47313776
158,1.74769623,0.067440014,Kairpur Tamewali,Bahawalpur,Punjab,Pakistan,2018-11-30,29.5964685,72.1744631
159,3.783887084,0.417070602,Kakar Khurasan,Zhob,Balochistan,Pakistan,2018-11-30,31.49631416,68.47225171
160,2.222420644,0.2091156,Kalam,Swat,Khyber Pakhtunkhwa,Pakistan,2018-11-30,35.6215088,72.53636832
161,4.824096296,0.940098842,Kalat,Kalat,Balochistan,Pakistan,2018-11-30,29.0992123,66.72767134
162,1.841243112,0.076265294,Kalkot,Upper Dir,Khyber Pakhtunkhwa,Pakistan,2018-11-30,35.51520397,72.22739212
163,1.507162411,0.080344987,Kallar Kahar,Chakwal,Punjab,Pakistan,2018-11-30,32.76015316,72.66984469
164,1.371700291,0.045557736,Kallar Sayedan,Rawalpindi,Punjab,Pakistan,2018-11-30,33.43896635,73.45062568
165,1.938362558,0.167005882,Kalurkot,Bhakkar,Punjab,Pakistan,2018-11-30,32.05778643,71.42398966
166,2.223346291,0.104991823,Kamalia,Toba Tek Singh,Punjab,Pakistan,2018-11-30,30.66820456,72.49507999
167,3.015628821,0.251868018,Kambar Ali Khan,Qambar Shahdadkot,Sindh,Pakistan,2018-11-30,27.60011397,67.57277118
168,1.652633311,0.064693025,Kamoke,Gujranwala,Punjab,Pakistan,2018-11-30,31.99035143,74.33464606
169,1.43698524,0.054702659,Kan Mehtarzai,Killa Saifullah,Balochistan,Pakistan,2018-11-30,30.75935674,67.60491023
170,1.702865619,0.082702122,Kandiaro,Naushahro Feroze,Sindh,Pakistan,2018-11-30,27.08489325,68.16624899
171,1.323168098,0.058696574,Kanhdkot,Kashmore,Sindh,Pakistan,2018-11-30,28.18007698,69.15741267
172,1.880805822,0.090017901,Kanraj,Las Bela,Balochistan,Pakistan,2018-11-30,26.15316322,66.7802146
173,0.358303869,0.005844544,Karachi Central,Karachi City,Sindh,Pakistan,2018-11-30,24.94442995,67.0520459
174,0.918804531,0.01391952,Karachi East,Karachi City,Sindh,Pakistan,2018-11-30,24.86858067,67.11571182
175,0.488032829,0.005562194,Karachi South,Karachi City,Sindh,Pakistan,2018-11-30,24.82960978,67.03598816
176,2.331290796,0.087886296,Karachi West,Karachi City,Sindh,Pakistan,2018-11-30,24.99556983,66.97671123
177,1.759142721,0.066499711,Karak,Karak,Khyber Pakhtunkhwa,Pakistan,2018-11-30,33.12952913,71.14034268
178,2.26494131,0.145266335,Karezat,Pishin,Balochistan,Pakistan,2018-11-30,30.59963329,67.2758962
179,1.772892196,0.134214411,Karor Lal Esan,Layyah,Punjab,Pakistan,2018-11-30,31.20920962,71.01179023
180,2.076694806,0.115076124,Kashmore,Kashmore,Sindh,Pakistan,2018-11-30,28.33075005,69.45240523
181,2.485221572,0.182980399,Kasur,Kasur,Punjab,Pakistan,2018-11-30,31.10954666,74.34044401
182,1.056093672,0.029493745,Katlang,Mardan,Khyber Pakhtunkhwa,Pakistan,2018-11-30,34.42695383,72.08443603
183,1.708689299,0.093378093,Kazi Ahmed,Shaheed Benazirabad,Sindh,Pakistan,2018-11-30,26.4304723,68.05497144
184,5.409406131,1.077714718,Kech,Kech,Balochistan,Pakistan,2018-11-30,25.90146406,63.57564839
185,2.360720233,0.057321068,Keti Bander,Thatta,Sindh,Pakistan,2018-11-30,24.15436241,67.4925359
186,1.462680754,0.043830061,Khairpur,Khairpur,Sindh,Pakistan,2018-11-30,27.51382198,68.71314452
187,2.774256407,0.237096689,Khairpur Nathan Shah,Dadu,Sindh,Pakistan,2018-11-30,27.11546598,67.41673433
188,1.578038453,0.094817026,Khanewal,Khanewal,Punjab,Pakistan,2018-11-30,30.29248572,72.02868326
189,2.58515754,0.14708004,Khangarh,Ghotki,Sindh,Pakistan,2018-11-30,27.59747264,69.53013058
190,2.709211225,0.157974195,Khanpur (Rahim Yar Khan),Rahim Yar Khan,Punjab,Pakistan,2018-11-30,28.70597125,70.60341753
191,1.307480693,0.06285386,Khanpur (Shikarpur),Shikarpur,Sindh,Pakistan,2018-11-30,28.04401798,68.81167139
192,1.122599445,0.027155627,Khar,Bajaur,Khyber Pakhtunkhwa,Pakistan,2018-11-30,34.72456968,71.48362227
193,4.615352912,0.985418318,Kharan,Kharan,Balochistan,Pakistan,2018-11-30,28.61272678,65.46708606
194,1.735995676,0.121182713,Kharian,Gujrat,Punjab,Pakistan,2018-11-30,32.75064083,73.89881711
195,1.487157957,0.0612002,Kharochan,Sujawal,Sindh,Pakistan,2018-11-30,23.98390968,67.6149383
196,3.659533906,0.532861646,Khipro,Sanghar,Sindh,Pakistan,2018-11-30,25.88375664,69.62433091
197,3.476533738,0.267774958,Khushab,Khushab,Punjab,Pakistan,2018-11-30,32.40296316,72.30474769
198,5.277437601,0.943818843,Khuzdar,Khuzdar,Balochistan,Pakistan,2018-11-30,27.89630244,66.85761824
199,0.79241225,0.028309788,Khwazakhela,Swat,Khyber Pakhtunkhwa,Pakistan,2018-11-30,34.99184455,72.53114248
200,2.803938264,0.269435164,Killa Abdullah,Killa Abdullah,Balochistan,Pakistan,2018-11-30,30.46950715,66.60222114
201,3.747576207,0.435508065,Killa Saifullah,Killa Saifullah,Balochistan,Pakistan,2018-11-30,30.83122183,68.54317244
202,1.093503082,0.051583229,Kingri,Khairpur,Sindh,Pakistan,2018-11-30,27.6073521,68.59399386
203,3.03378812,0.169002514,Kohat,Kohat,Khyber Pakhtunkhwa,Pakistan,2018-11-30,33.54840365,71.58236713
204,1.502892767,0.087286371,Kohlu,Kohlu,Balochistan,Pakistan,2018-11-30,29.9103023,69.19558064
205,2.85589607,0.298874476,Kot Addu,Muzaffargarh,Punjab,Pakistan,2018-11-30,30.45755879,71.11983728
206,1.007317584,0.047050785,Kot Diji,Khairpur,Sindh,Pakistan,2018-11-30,27.33237068,68.65834059
207,1.22889144,0.070299603,Kot Ghulam Muhammad,Mirpur Khas,Sindh,Pakistan,2018-11-30,25.26592022,69.23404279
208,1.452943918,0.085171017,Kot Momin,Sargodha,Punjab,Pakistan,2018-11-30,32.09851864,73.12414144
209,1.094851698,0.033659556,Kotli Sattian,Rawalpindi,Punjab,Pakistan,2018-11-30,33.80133894,73.47988498
210,1.850719487,0.109337535,Kotri,Jamshoro,Sindh,Pakistan,2018-11-30,25.50663753,68.17268819
211,1.693099075,0.106908634,Kulachi,Dera Ismail Khan,Khyber Pakhtunkhwa,Pakistan,2018-11-30,32.00914273,70.44096036
212,1.194415885,0.064670841,Kunri,Umerkot,Sindh,Pakistan,2018-11-30,25.07924503,69.55517375
213,1.565183294,0.13602264,Kut Mandai,Sibi,Balochistan,Pakistan,2018-11-30,29.77238894,68.29063643
214,2.357398297,0.119538605,Lachi,Kohat,Khyber Pakhtunkhwa,Pakistan,2018-11-30,33.32516965,71.47881573
215,1.821729301,0.040942223,Ladha,South Waziristan,Khyber Pakhtunkhwa,Pakistan,2018-11-30,32.60901474,69.96344595
216,1.205691175,0.045428249,Lahor,Swabi,Khyber Pakhtunkhwa,Pakistan,2018-11-30,34.05714247,72.31059842
217,1.559129376,0.10207555,Lahore Cantt,Lahore,Punjab,Pakistan,2018-11-30,31.49127569,74.45073958
218,1.788448057,0.061926514,Lahore City,Lahore,Punjab,Pakistan,2018-11-30,31.42200316,74.21048632
219,0.838494702,0.034947205,Lakhi,Shikarpur,Sindh,Pakistan,2018-11-30,27.87474194,68.74338458
220,1.386183175,0.103025974,Lakhra,Las Bela,Balochistan,Pakistan,2018-11-30,25.88396562,66.3819561
221,3.189826614,0.248169183,Lakki Marwat,Lakki Marwat,Khyber Pakhtunkhwa,Pakistan,2018-11-30,32.56202143,70.85537789
222,1.569792988,0.075157215,Landi Kotal,Khyber,Khyber Pakhtunkhwa,Pakistan,2018-11-30,34.10961491,71.14278233
223,1.145995442,0.051903382,Larkana,Larkana,Sindh,Pakistan,2018-11-30,27.55937089,68.19349526
224,0.768090573,0.022195855,Latifabad,Hyderabad,Sindh,Pakistan,2018-11-30,25.2736933,68.388616
225,2.082926499,0.190749474,Layyah,Layyah,Punjab,Pakistan,2018-11-30,30.86879112,71.0033654
226,2.326545861,0.181032929,Lehri,Lehri,Balochistan,Pakistan,2018-11-30,29.09249105,68.13290661
227,5.941434681,0.646433707,Liaquatpur,Rahim Yar Khan,Punjab,Pakistan,2018-11-30,28.35730182,70.73349108
228,5.554679641,0.200973235,Liari,Las Bela,Balochistan,Pakistan,2018-11-30,25.52357952,65.84657309
229,1.884951104,0.106338609,Lodhran,Lodhran,Punjab,Pakistan,2018-11-30,29.5850308,71.54988076
230,2.767390251,0.166696786,Loi Band,Killa Saifullah,Balochistan,Pakistan,2018-11-30,31.0903483,67.84051177
231,4.567628384,0.356797546,Loralai,Loralai,Balochistan,Pakistan,2018-11-30,30.46749833,68.77764096
232,1.622628862,0.091772618,Lower Kurram,Kurram,Khyber Pakhtunkhwa,Pakistan,2018-11-30,33.55906544,70.32195522
233,1.452813576,0.05056006,Lower Orakzai,Orakzai,Khyber Pakhtunkhwa,Pakistan,2018-11-30,33.75139698,71.16450035
234,3.523041554,0.309326677,Mach,Kachhi,Balochistan,Pakistan,2018-11-30,29.5404088,67.53434909
235,2.744737251,0.149283814,Mailsi,Vehari,Punjab,Pakistan,2018-11-30,29.87843009,72.07653983
236,1.538464557,0.035463676,Makin,South Waziristan,Khyber Pakhtunkhwa,Pakistan,2018-11-30,32.65663937,69.86308241
237,1.501087897,0.073499827,Malakwal,Mandi Bahauddin,Punjab,Pakistan,2018-11-30,32.42435734,73.23941474
238,3.757800344,0.21368725,Malir,Karachi City,Sindh,Pakistan,2018-11-30,25.12838964,67.30394902
239,0.758737307,0.026272056,Mamund,Bajaur,Khyber Pakhtunkhwa,Pakistan,2018-11-30,34.8279816,71.38678089
240,2.047294741,0.199052862,Mand,Kech,Balochistan,Pakistan,2018-11-30,25.99083702,61.96469761
241,1.280734103,0.08181606,Mandi Bahauddin,Mandi Bahauddin,Punjab,Pakistan,2018-11-30,32.55320263,73.51795824
242,3.211858805,0.218749492,Manjhand,Jamshoro,Sindh,Pakistan,2018-11-30,25.86034768,68.05971196
243,2.692393983,0.337397229,Mankera,Bhakkar,Punjab,Pakistan,2018-11-30,31.43573734,71.62428173
244,2.002504254,0.134772159,Mansehra,Mansehra,Khyber Pakhtunkhwa,Pakistan,2018-11-30,34.47476794,73.18427553
245,1.745043087,0.09150649,Mardan,Mardan,Khyber Pakhtunkhwa,Pakistan,2018-11-30,34.27133413,72.16853982
246,0.558680287,0.014873666,Martung,Shangla,Khyber Pakhtunkhwa,Pakistan,2018-11-30,34.62389246,72.75590667
247,2.696250986,0.322927165,Mashkai,Awaran,Balochistan,Pakistan,2018-11-30,26.97305244,65.57439696
248,5.303876618,1.301863856,Mashkhel,Washuk,Balochistan,Pakistan,2018-11-30,27.65982332,63.52547048
249,6.293462705,0.876398153,Mastuj,Chitral,Khyber Pakhtunkhwa,Pakistan,2018-11-30,36.45640506,72.55424615
250,3.102129697,0.277230413,Mastung,Mastung,Balochistan,Pakistan,2018-11-30,29.74572248,66.59732127
251,1.386576409,0.06424714,Matiari,Matiari,Sindh,Pakistan,2018-11-30,25.6279219,68.52232879
252,1.749078697,0.095207571,Matli,Badin,Sindh,Pakistan,2018-11-30,25.10502618,68.84113534
253,0.966381682,0.031196015,Matta Khararai,Swat,Khyber Pakhtunkhwa,Pakistan,2018-11-30,35.06228622,72.40355231
254,1.039081144,0.035874177,Matta Sebujni,Swat,Khyber Pakhtunkhwa,Pakistan,2018-11-30,35.03491444,72.30023474
255,3.175347237,0.278495041,Mawand,Kohlu,Balochistan,Pakistan,2018-11-30,29.70198504,68.72867112
256,1.741584664,0.090494108,Mehar,Dadu,Sindh,Pakistan,2018-11-30,27.21504868,67.76079216
257,2.13412539,0.112994624,Mian Channu,Khanewal,Punjab,Pakistan,2018-11-30,30.36210479,72.28663262
258,2.77945906,0.283609398,Mianwali,Mianwali,Punjab,Pakistan,2018-11-30,32.67197626,71.66940306
259,2.008821195,0.132930154,Minchinabad,Bahawalnagar,Punjab,Pakistan,2018-11-30,30.14673095,73.64952011
260,1.30810808,0.062206012,Mir Ali,North Waziristan,Khyber Pakhtunkhwa,Pakistan,2018-11-30,32.96058741,70.2405908
261,1.182982382,0.039864746,Miran Shah,North Waziristan,Khyber Pakhtunkhwa,Pakistan,2018-11-30,32.98532194,70.03449443
262,1.394135475,0.07065165,Miro Khan,Qambar Shahdadkot,Sindh,Pakistan,2018-11-30,27.77481407,68.00328327
263,1.264550289,0.0647636,Mirpur Bathoro,Sujawal,Sindh,Pakistan,2018-11-30,24.78956364,68.23762659
264,1.348537173,0.092572099,Mirpur Khas,Mirpur Khas,Sindh,Pakistan,2018-11-30,25.54190582,69.02952217
265,2.417540587,0.067834662,Mirpur Mathelo,Ghotki,Sindh,Pakistan,2018-11-30,27.7864233,69.55978544
266,8.288511661,0.202482149,Mirpur Sakro,Thatta,Sindh,Pakistan,2018-11-30,24.60039715,67.51322408
267,1.146732958,0.061828113,Mirwah,Khairpur,Sindh,Pakistan,2018-11-30,27.07218306,68.5362964
268,3.684281761,0.471922901,Mithi,Tharparkar,Sindh,Pakistan,2018-11-30,24.62317636,70.08558755
269,1.27965575,0.068510821,Moro,Naushahro Feroze,Sindh,Pakistan,2018-11-30,26.69436362,67.95844284
270,0.911160275,0.026746508,Multan City,Multan,Punjab,Pakistan,2018-11-30,30.1868854,71.45234902
271,3.304342287,0.154650319,Multan Saddar,Multan,Punjab,Pakistan,2018-11-30,30.14421349,71.54950679
272,1.489883609,0.079612927,Muridke,Sheikhupura,Punjab,Pakistan,2018-11-30,31.87222491,74.44778623
273,1.150068655,0.037290099,Murree,Rawalpindi,Punjab,Pakistan,2018-11-30,33.87424995,73.39239543
274,3.808317279,0.563897526,Musakhel,Musakhel,Balochistan,Pakistan,2018-11-30,30.8704803,69.92031632
275,1.837771225,0.136878219,Muslim Bagh,Killa Saifullah,Balochistan,Pakistan,2018-11-30,30.77206741,67.97090684
276,3.880206651,0.207228375,Muzaffargarh,Muzaffargarh,Punjab,Pakistan,2018-11-30,30.07141809,71.14862916
277,3.758670235,0.435954276,Nag,Washuk,Balochistan,Pakistan,2018-11-30,28.28704871,64.47186161
278,3.176160836,0.34339491,Nagarparkar,Tharparkar,Sindh,Pakistan,2018-11-30,24.61276513,70.77283738
279,4.599235381,0.637198413,Nal,Khuzdar,Balochistan,Pakistan,2018-11-30,27.26227295,66.07604838
280,2.809133514,0.154241495,Nankana Sahib,Nankana Sahib,Punjab,Pakistan,2018-11-30,31.34960526,73.75574941
281,5.29361343,1.049974544,Nara,Khairpur,Sindh,Pakistan,2018-11-30,26.67414358,69.29018464
282,1.756136562,0.104125013,Narowal,Narowal,Punjab,Pakistan,2018-11-30,32.15039223,74.82926779
283,1.53617198,0.066472674,Naushahro Feroze,Naushahro Feroze,Sindh,Pakistan,2018-11-30,26.76563008,68.1378424
284,1.105210915,0.038978232,Nawabshah,Shaheed Benazirabad,Sindh,Pakistan,2018-11-30,26.27122211,68.33075179
285,0.528501641,0.012566574,Nawagai,Bajaur,Khyber Pakhtunkhwa,Pakistan,2018-11-30,34.73355647,71.29066224
286,1.960489412,0.130200437,Nowshera,Nowshera,Khyber Pakhtunkhwa,Pakistan,2018-11-30,33.92527728,72.03952177
287,1.520561575,0.083747269,Nowshera Virkan,Gujranwala,Punjab,Pakistan,2018-11-30,31.99111033,73.97684307
288,2.358794808,0.228646233,Nurpur,Khushab,Punjab,Pakistan,2018-11-30,31.86787799,71.95030304
289,4.643782235,0.549314778,Nushki,Nushki,Balochistan,Pakistan,2018-11-30,29.45553264,65.76800729
290,1.098622298,0.047195697,Oghi,Mansehra,Khyber Pakhtunkhwa,Pakistan,2018-11-30,34.44287746,72.95992675
291,2.200008455,0.117269289,Okara,Okara,Punjab,Pakistan,2018-11-30,30.82614274,73.44434697
292,3.387675656,0.245258331,Ormara,Gwadar,Balochistan,Pakistan,2018-11-30,25.40407521,64.71339338
293,1.157196048,0.038965122,Pabbi,Nowshera,Khyber Pakhtunkhwa,Pakistan,2018-11-30,33.93890941,71.80752108
294,2.204339544,0.111783235,Paharpur,Dera Ismail Khan,Khyber Pakhtunkhwa,Pakistan,2018-11-30,32.20337869,71.07182631
295,2.410223702,0.143685696,Pakpattan,Pakpattan,Punjab,Pakistan,2018-11-30,30.3518339,73.40119046
296,2.205473907,0.139336761,Palas,Kohistan,Khyber Pakhtunkhwa,Pakistan,2018-11-30,35.036625,73.14259171
297,3.907193112,0.348508482,Panjgur,Panjgur,Balochistan,Pakistan,2018-11-30,27.01904444,64.16262672
298,1.634785235,0.110791823,Panjpai,Quetta,Balochistan,Pakistan,2018-11-30,30.02189083,66.47049151
299,1.348747217,0.082453613,Pano Aqil,Sukkur,Sindh,Pakistan,2018-11-30,27.85302928,69.06460187
300,4.138777856,0.46711388,Parome,Panjgur,Balochistan,Pakistan,2018-11-30,26.53011602,63.69814542
301,4.72302433,0.362093576,Pasni,Gwadar,Balochistan,Pakistan,2018-11-30,25.41315377,63.28373818
302,1.817651421,0.096676204,Pasrur,Sialkot,Punjab,Pakistan,2018-11-30,32.30154741,74.69579122
303,1.69588266,0.063607896,Pattan,Kohistan,Khyber Pakhtunkhwa,Pakistan,2018-11-30,35.261687,72.86526764
304,1.451080788,0.079512823,Pattoki,Kasur,Punjab,Pakistan,2018-11-30,31.13317248,73.87624326
305,1.522665192,0.125269741,Peshawar,Peshawar,Khyber Pakhtunkhwa,Pakistan,2018-11-30,33.96826304,71.57102399
306,1.910011616,0.109289387,Phalia,Mandi Bahauddin,Punjab,Pakistan,2018-11-30,32.3537911,73.55019737
307,3.992113616,0.286122097,Phelawagh,Dera Bugti,Balochistan,Pakistan,2018-11-30,29.24539386,69.30868478
308,2.225277065,0.12908776,Pind Dadan Khan,Jhelum,Punjab,Pakistan,2018-11-30,32.60157154,73.00621534
309,1.585765814,0.112142731,Pindi Bhattian,Hafizabad,Punjab,Pakistan,2018-11-30,31.95037246,73.37877506
310,2.345224954,0.149322706,Pindi Gheb,Attock,Punjab,Pakistan,2018-11-30,33.27283071,72.29949011
311,1.512637148,0.044519407,Pindiali,Mohmand,Khyber Pakhtunkhwa,Pakistan,2018-11-30,34.45136684,71.42575385
312,1.648485682,0.114572701,Piplan,Mianwali,Punjab,Pakistan,2018-11-30,32.31153186,71.44299749
313,1.042544014,0.03617855,Pir Baba/ Gadaizi,Buner,Khyber Pakhtunkhwa,Pakistan,2018-11-30,34.56729011,72.356599
314,1.46212289,0.119316755,Pishin,Pishin,Balochistan,Pakistan,2018-11-30,30.74415674,66.96750591
315,1.149519834,0.04505968,Pithoro,Umerkot,Sindh,Pakistan,2018-11-30,25.49683406,69.36368873
316,0.748228491,0.025219636,Prang Ghar,Mohmand,Khyber Pakhtunkhwa,Pakistan,2018-11-30,34.43883105,71.58616873
317,0.755287483,0.023741732,Puran,Shangla,Khyber Pakhtunkhwa,Pakistan,2018-11-30,34.7260393,72.63812138
318,0.149185475,0.000826155,Qasimabad,Hyderabad,Sindh,Pakistan,2018-11-30,25.42157894,68.31095197
319,2.111122771,0.136947605,Quaidabad,Khushab,Punjab,Pakistan,2018-11-30,32.30435593,71.9744336
320,1.166026537,0.057097627,Qubo Saeed Khan,Qambar Shahdadkot,Sindh,Pakistan,2018-11-30,27.84746694,67.69346315
321,1.944740457,0.146506894,Quetta City,Quetta,Balochistan,Pakistan,2018-11-30,30.24973654,66.97346341
322,2.632859702,0.195893433,Rahim Yar Khan,Rahim Yar Khan,Punjab,Pakistan,2018-11-30,28.50315076,70.32926843
323,2.713582765,0.254573806,Rajanpur,Rajanpur,Punjab,Pakistan,2018-11-30,29.16459662,70.30685964
324,1.238249729,0.05410212,Ratodero,Larkana,Sindh,Pakistan,2018-11-30,27.75006326,68.2921396
325,2.60923832,0.158717977,Rawalpindi,Rawalpindi,Punjab,Pakistan,2018-11-30,33.40004804,72.95347507
326,0.777752873,0.019039176,Razmak,North Waziristan,Khyber Pakhtunkhwa,Pakistan,2018-11-30,32.72849114,69.85530567
327,1.29529274,0.058675912,Renala Khurd,Okara,Punjab,Pakistan,2018-11-30,30.93110466,73.6624185
328,1.516781713,0.095882934,Rohri,Sukkur,Sindh,Pakistan,2018-11-30,27.59864811,69.00760933
329,2.816039963,0.256306835,Rojhan,Rajanpur,Punjab,Pakistan,2018-11-30,28.75271549,69.95580866
330,3.134134627,0.185930659,Sadiqabad,Rahim Yar Khan,Punjab,Pakistan,2018-11-30,28.27758431,69.97277413
331,1.305313876,0.048823373,Safdarabad,Nankana Sahib,Punjab,Pakistan,2018-11-30,31.75519346,73.64933721
332,1.121191489,0.031613986,Safi,Mohmand,Khyber Pakhtunkhwa,Pakistan,2018-11-30,34.59326768,71.23281974
333,2.470375769,0.154295079,Sahiwal (Sahiwal),Sahiwal,Punjab,Pakistan,2018-11-30,30.65377143,73.12815852
334,1.589268137,0.072125687,Sahiwal (Sardogha),Sargodha,Punjab,Pakistan,2018-11-30,31.88617884,72.38664406
335,1.612165567,0.078775827,Sakrand,Shaheed Benazirabad,Sindh,Pakistan,2018-11-30,26.14271636,68.20061215
336,0.689548404,0.023441186,Salarzai Tehsil,Bajaur,Khyber Pakhtunkhwa,Pakistan,2018-11-30,34.87015244,71.52788154
337,2.535293102,0.26834024,Salehpat,Sukkur,Sindh,Pakistan,2018-11-30,27.33769448,69.29678841
338,0.700757709,0.02663497,Sam Ranizai,Malakand PA,Khyber Pakhtunkhwa,Pakistan,2018-11-30,34.4709495,71.87734725
339,1.051582505,0.050446297,Samar Bagh,Lower Dir,Khyber Pakhtunkhwa,Pakistan,2018-11-30,34.91298376,71.67781515
340,1.115217684,0.054553179,Samaro,Umerkot,Sindh,Pakistan,2018-11-30,25.31953275,69.42800007
341,1.211464811,0.046868371,Sambrial,Sialkot,Punjab,Pakistan,2018-11-30,32.44893094,74.34950101
342,1.606979652,0.114880804,Sangan,Sibi,Balochistan,Pakistan,2018-11-30,29.93284795,67.60546984
343,2.339163209,0.198598659,Sanghar,Sanghar,Sindh,Pakistan,2018-11-30,26.10894121,69.04813644
344,1.394534605,0.046257231,Sangla Hill,Nankana Sahib,Punjab,Pakistan,2018-11-30,31.69621309,73.47480248
345,2.177365972,0.185806485,Sanni,Kachhi,Balochistan,Pakistan,2018-11-30,29.02234123,67.51465464
346,1.303323077,0.046626236,Sarai Alamgir,Gujrat,Punjab,Pakistan,2018-11-30,32.90589782,73.80830589
347,1.544572668,0.057772789,Sarai Naurang,Lakki Marwat,Khyber Pakhtunkhwa,Pakistan,2018-11-30,32.75501765,70.74070609
348,2.303011766,0.07309533,Sararogha,South Waziristan,Khyber Pakhtunkhwa,Pakistan,2018-11-30,32.46184592,70.07371297
349,2.668412543,0.138841492,Sargodha,Sargodha,Punjab,Pakistan,2018-11-30,32.04328424,72.73969228
350,2.407389184,0.211581318,Sehwan,Jamshoro,Sindh,Pakistan,2018-11-30,26.24093538,67.69759727
351,1.489835116,0.034425641,Serwekai,South Waziristan,Khyber Pakhtunkhwa,Pakistan,2018-11-30,32.32102726,69.90818081
352,3.877425601,0.267681773,Shah Bander,Sujawal,Sindh,Pakistan,2018-11-30,24.06400187,67.97709151
353,1.001607126,0.036501988,Shahdadkot,Qambar Shahdadkot,Sindh,Pakistan,2018-11-30,27.9092024,67.94039504
354,1.631701441,0.079327823,Shahdadpur,Sanghar,Sindh,Pakistan,2018-11-30,26.05396256,68.5778501
355,2.048309307,0.166495264,Shaheed Fazal Rahu,Badin,Sindh,Pakistan,2018-11-30,24.63729957,68.5682705
356,0.628370028,0.014043344,Shahkot,Nankana Sahib,Punjab,Pakistan,2018-11-30,31.5543799,73.5866641
357,1.560836111,0.075393285,Shahpur,Sargodha,Punjab,Pakistan,2018-11-30,32.2186704,72.50722353
358,1.592081767,0.121742597,Shakargarh,Narowal,Punjab,Pakistan,2018-11-30,32.25310202,75.13765577
359,1.046496772,0.035485423,Sharqpur,Sheikhupura,Punjab,Pakistan,2018-11-30,31.51087533,74.08421633
360,2.675674937,0.280341948,Sheerani,Sheerani,Balochistan,Pakistan,2018-11-30,31.64304382,69.77419401
361,2.180300984,0.11935989,Sheikhupura,Sheikhupura,Punjab,Pakistan,2018-11-30,31.72648174,73.88632488
362,1.023366071,0.03938509,Shewa,North Waziristan,Khyber Pakhtunkhwa,Pakistan,2018-11-30,33.26957162,70.45366907
363,1.267656043,0.052094806,Shikarpur,Shikarpur,Sindh,Pakistan,2018-11-30,28.03818392,68.52047934
364,3.194404265,0.217213163,Shinkai,Killa Saifullah,Balochistan,Pakistan,2018-11-30,31.02208066,68.90679184
365,2.32403881,0.116668907,Shorkot,Jhang,Punjab,Pakistan,2018-11-30,30.876968,72.17790295
366,1.364105819,0.078158679,Shuabad,Multan,Punjab,Pakistan,2018-11-30,29.83451883,71.31420757
367,1.638317254,0.097574502,Sialkot,Sialkot,Punjab,Pakistan,2018-11-30,32.57878556,74.53944436
368,2.707217766,0.211037365,Sibi,Sibi,Balochistan,Pakistan,2018-11-30,29.65768207,67.91309117
369,1.763271374,0.058084037,Sillanwali,Sargodha,Punjab,Pakistan,2018-11-30,31.78666947,72.53491047
370,2.201020476,0.171032519,Sinjawi,Ziarat,Balochistan,Pakistan,2018-11-30,30.35401535,68.16403487
371,1.747285828,0.076943545,Sinjhoro,Sanghar,Sindh,Pakistan,2018-11-30,26.05763347,68.81017701
372,0.967550152,0.046162176,Sobodhero,Khairpur,Sindh,Pakistan,2018-11-30,27.26633336,68.35454806
373,2.073517324,0.091211282,Sohawa,Jhelum,Punjab,Pakistan,2018-11-30,33.01362932,73.35325539
374,1.855159969,0.06170402,Sohbatpur,Sohbatpur,Balochistan,Pakistan,2018-11-30,28.50413094,68.65036457
375,1.850602737,0.142233713,Sonmiani,Las Bela,Balochistan,Pakistan,2018-11-30,25.42192099,66.78926413
376,1.287602481,0.056195613,Spinwam,North Waziristan,Khyber Pakhtunkhwa,Pakistan,2018-11-30,33.15460895,70.31089152
377,3.722421834,0.436514777,Sui,Dera Bugti,Balochistan,Pakistan,2018-11-30,28.73193011,68.98258102
378,1.209832563,0.063699433,Sujawal,Sujawal,Sindh,Pakistan,2018-11-30,24.64723129,68.09217833
379,0.851432938,0.028581098,Sukkur,Sukkur,Sindh,Pakistan,2018-11-30,27.75057221,68.78135297
380,1.9968628,0.081929181,Summundari,Faisalabad,Punjab,Pakistan,2018-11-30,31.05619394,72.94259877
381,2.565326316,0.341147959,Surab,Kalat,Balochistan,Pakistan,2018-11-30,28.31927392,66.17814721
382,1.952110016,0.05603332,Swabi,Swabi,Khyber Pakhtunkhwa,Pakistan,2018-11-30,34.18795659,72.42829148
383,1.583942861,0.065980237,Swat Ranizai,Malakand PA,Khyber Pakhtunkhwa,Pakistan,2018-11-30,34.56733964,71.90281493
384,5.079280632,0.906012229,Taftan,Chagai,Balochistan,Pakistan,2018-11-30,29.13109267,61.81600464
385,0.968843598,0.039543524,Takht Bhai,Mardan,Khyber Pakhtunkhwa,Pakistan,2018-11-30,34.33234626,71.94436114
386,1.622143301,0.083636164,Takht E Nasrati,Karak,Khyber Pakhtunkhwa,Pakistan,2018-11-30,32.98433522,71.13731891
387,2.902791491,0.30391442,Talagang,Chakwal,Punjab,Pakistan,2018-11-30,32.88901799,72.20448163
388,1.417254834,0.06952141,Tall,Hangu,Khyber Pakhtunkhwa,Pakistan,2018-11-30,33.38568691,70.70802053
389,1.497859909,0.044544855,Tamboo,Nasirabad,Balochistan,Pakistan,2018-11-30,28.485162,67.97429441
390,2.685121808,0.127506091,Tandlianwala,Faisalabad,Punjab,Pakistan,2018-11-30,30.91791498,73.0656192
391,0.992593477,0.037398495,Tando Adam,Sanghar,Sindh,Pakistan,2018-11-30,25.81504802,68.64293104
392,1.73939159,0.14118152,Tando Allah Yar,Tando Allah Yar,Sindh,Pakistan,2018-11-30,25.46544531,68.77566671
393,2.038281085,0.155155249,Tando Bago,Badin,Sindh,Pakistan,2018-11-30,24.81644415,69.07968805
394,0.993430807,0.025393298,Tando Ghulam Hyder,Tando Muhammad Khan,Sindh,Pakistan,2018-11-30,24.94757975,68.62886962
395,1.319055179,0.031713145,Tando Muhammad Khan,Tando Muhammad Khan,Sindh,Pakistan,2018-11-30,25.12287171,68.58823398
396,0.828113831,0.033714189,Tangi,Charsadda,Khyber Pakhtunkhwa,Pakistan,2018-11-30,34.34179349,71.70792291
397,1.44215645,0.071213428,Tangwani,Kashmore,Sindh,Pakistan,2018-11-30,28.28569731,69.02994867
398,1.905292112,0.160238733,Tank,Tank,Khyber Pakhtunkhwa,Pakistan,2018-11-30,32.24356165,70.39242698
399,2.635189515,0.251527068,Taunsa,Dera Ghazi Khan,Punjab,Pakistan,2018-11-30,30.92751737,70.62403876
400,0.889423359,0.02712539,Taxila,Rawalpindi,Punjab,Pakistan,2018-11-30,33.73526794,72.79155257
401,3.765125023,0.473652021,Thano Bula Khan,Jamshoro,Sindh,Pakistan,2018-11-30,25.5083078,67.6230133
402,3.217087736,0.333076973,Thatta,Thatta,Sindh,Pakistan,2018-11-30,25.02306506,67.95598615
403,1.512601056,0.123330793,Thul,Jacobabad,Sindh,Pakistan,2018-11-30,28.28295739,68.71971182
404,1.274913099,0.065644833,Tiarza,South Waziristan,Khyber Pakhtunkhwa,Pakistan,2018-11-30,32.45331438,69.72110775
405,1.669489934,0.106777099,Timergara,Lower Dir,Khyber Pakhtunkhwa,Pakistan,2018-11-30,34.81253328,71.92464829
406,2.284630799,0.119671755,Toba Tek Singh,Toba Tek Singh,Punjab,Pakistan,2018-11-30,30.91552185,72.52916307
407,1.322355763,0.050067158,Toi Khulla,South Waziristan,Khyber Pakhtunkhwa,Pakistan,2018-11-30,32.03710253,69.48169105
408,1.266887963,0.043311938,Topi,Swabi,Khyber Pakhtunkhwa,Pakistan,2018-11-30,34.15183396,72.65514321
409,1.360905636,0.045854801,Tor Ghar,Tor Ghar,Khyber Pakhtunkhwa,Pakistan,2018-11-30,34.55477365,72.83423351
410,0.792603438,0.030003762,Totalai,Buner,Khyber Pakhtunkhwa,Pakistan,2018-11-30,34.26157423,72.53442827
411,2.525604668,0.264947015,Tump,Kech,Balochistan,Pakistan,2018-11-30,26.22254955,62.40143325
412,1.367989136,0.059171278,Ubauro,Ghotki,Sindh,Pakistan,2018-11-30,28.16716673,69.70213863
413,3.148317921,0.329393273,Umerkot,Umerkot,Sindh,Pakistan,2018-11-30,25.44079033,69.93637478
414,1.418566048,0.095629392,Upper Kurram,Kurram,Khyber Pakhtunkhwa,Pakistan,2018-11-30,33.88092085,70.07370759
415,1.085779872,0.050797264,Upper Momand,Mohmand,Khyber Pakhtunkhwa,Pakistan,2018-11-30,34.49094064,71.13021371
416,0.918781005,0.025396097,Upper Orakzai,Orakzai,Khyber Pakhtunkhwa,Pakistan,2018-11-30,33.69717778,70.71558022
417,0.917358346,0.036918921,Usta Muhammad,Jaffarabad,Balochistan,Pakistan,2018-11-30,28.15685884,67.97630524
418,1.958072896,0.180747065,Uthal,Las Bela,Balochistan,Pakistan,2018-11-30,25.84871388,66.7139801
419,0.671976061,0.016739892,Utman Khel Tehsil,Bajaur,Khyber Pakhtunkhwa,Pakistan,2018-11-30,34.74127955,71.70121836
420,2.223625058,0.130230544,Vehari,Vehari,Punjab,Pakistan,2018-11-30,30.02081808,72.41359002
421,5.648993089,0.954058054,Wadh,Khuzdar,Balochistan,Pakistan,2018-11-30,26.82091107,66.74470604
422,3.496818462,0.213872817,Wana,South Waziristan,Khyber Pakhtunkhwa,Pakistan,2018-11-30,32.13361992,69.76386571
423,1.543101111,0.096667197,Warah,Qambar Shahdadkot,Sindh,Pakistan,2018-11-30,27.40774208,67.78153289
424,1.075965222,0.064360571,Wari,Upper Dir,Khyber Pakhtunkhwa,Pakistan,2018-11-30,34.98888953,72.05312329
425,4.015360005,0.686145247,Washuk,Washuk,Balochistan,Pakistan,2018-11-30,27.75799646,64.51398993
426,1.99573979,0.079313239,Wazir,FR Bannu,Khyber Pakhtunkhwa,Pakistan,2018-11-30,33.07901265,70.58109342
427,1.748617424,0.115513036,Wazirabad,Gujranwala,Punjab,Pakistan,2018-11-30,32.32134257,73.97102749
428,0.896788778,0.02602038,Yaka Ghund,Mohmand,Khyber Pakhtunkhwa,Pakistan,2018-11-30,34.25284458,71.3651337
429,7.670469681,1.772182708,Yazman,Bahawalpur,Punjab,Pakistan,2018-11-30,28.68086588,71.71031772
430,2.431825571,0.293875386,Zehri,Khuzdar,Balochistan,Pakistan,2018-11-30,28.57649453,66.87854448
431,5.130964579,0.719915775,Zhob,Zhob,Balochistan,Pakistan,2018-11-30,31.29836884,69.33240908
432,1.646542526,0.135492449,Ziarat,Ziarat,Balochistan,Pakistan,2018-11-30,30.43530177,67.50160768
